0.mp3,sealadach.mp3,,
1.mp3,foclóir.mp3,,
2.mp3,cruach.mp3,,
3.mp3,tuairiscigh.mp3,,
4.mp3,rince.mp3,,
5.mp3,dúchasach.mp3,,
6.mp3,cearnóg.mp3,,
7.mp3,barra.mp3,,
8.mp3,léarscáil.mp3,,
9.mp3,páirtíocht.mp3,,
10.mp3,bailiúchán.mp3,,
11.mp3,cearc.mp3,,
12.mp3,sráidbhaile.mp3,,
13.mp3,banríon.mp3,,
14.mp3,folaigh.mp3,,
15.mp3,choíche.mp3,,
16.mp3,casadh.mp3,,
17.mp3,straitéiseach.mp3,,
18.mp3,ceistigh.mp3,,
19.mp3,laethúil.mp3,,
20.mp3,ceiliúir.mp3,,
21.mp3,scuab.mp3,,
22.mp3,eastát.mp3,,
23.mp3,saineolaí.mp3,,
24.mp3,beannacht.mp3,,
25.mp3,árachas.mp3,,
26.mp3,liathróid.mp3,,
27.mp3,murach.mp3,,
28.mp3,ceardchumann.mp3,,
29.mp3,práta.mp3,,
30.mp3,saoirse.mp3,,
31.mp3,captaen.mp3,,
32.mp3,naomh.mp3,,
33.mp3,íochtar.mp3,,
34.mp3,samhlaíocht.mp3,,
35.mp3,sinsearach.mp3,,
36.mp3,coincheap.mp3,,
37.mp3,freastal.mp3,,
38.mp3,amhránaí.mp3,,
39.mp3,meáchan.mp3,,
40.mp3,tiománaí.mp3,,
41.mp3,damhsaigh.mp3,,
42.mp3,dorchadas.mp3,,
43.mp3,cleas.mp3,,
44.mp3,gabháil.mp3,,
45.mp3,praiticiúil.mp3,,
46.mp3,cáilitheach.mp3,,
47.mp3,ruaig.mp3,,
48.mp3,garraí.mp3,,
49.mp3,portach.mp3,,
50.mp3,iascaire.mp3, ,
51.mp3,fáiltigh.mp3,,
52.mp3,tionscain.mp3,,
53.mp3,meabhair.mp3,,
54.mp3,meascán.mp3,,
55.mp3,coiscéim.mp3,,
56.mp3,patrún.mp3,,
57.mp3,bagair.mp3,,
58.mp3,dlíodóir.mp3,,
59.mp3,sealbhaigh.mp3,,
60.mp3,guigh.mp3,,
61.mp3,cúigear.mp3,,
62.mp3,árasán.mp3,,
63.mp3,paidir.mp3,,
64.mp3,scoir.mp3,,
65.mp3,buairt.mp3,,
66.mp3,socair.mp3,,
67.mp3,daonlathach.mp3,,
68.mp3,aisling.mp3,,
69.mp3,miotal.mp3,,
70.mp3,armas.mp3,,
71.mp3,fiáin.mp3,,
72.mp3,scéalaíocht.mp3,,
73.mp3,peaca.mp3,,
74.mp3,snáithe.mp3,,
75.mp3,eitleán.mp3,,
76.mp3,aoibhinn.mp3,,
77.mp3,preab.mp3,,
78.mp3,tabhaigh.mp3,,
79.mp3,snámh.mp3,,
80.mp3,stiúir.mp3,,
81.mp3,creidmheas.mp3,,
82.mp3,deonaigh.mp3,,
83.mp3,scála.mp3,,
84.mp3,cóngarach.mp3,,
85.mp3,fiosrúchán.mp3,,
86.mp3,teileafón.mp3,,
87.mp3,gaineamh.mp3,,
88.mp3,ciorcal.mp3,,   
89.mp3,grinn.mp3,,
90.mp3,uncail.mp3,,
91.mp3,athbhreithniú.mp3,,
92.mp3,guthán.mp3,,
93.mp3,brách.mp3,,
94.mp3,ionstraim.mp3,,
95.mp3,dealraigh.mp3,,
96.mp3,onóir.mp3,,
97.mp3,seisiún.mp3,,
98.mp3,ceachtar.mp3,,
99.mp3,buile.mp3,,
100.mp3,tuirseach.mp3,,
101.mp3,difear.mp3,,
102.mp3,annamh.mp3,,
103.mp3,áilleacht.mp3,,
104.mp3,uaigneach.mp3,,
105.mp3,painéal.mp3,,
106.mp3,coirce.mp3,,
107.mp3,titim.mp3,,
108.mp3,scamall.mp3,,
109.mp3,fuacht.mp3,,
110.mp3,agóid.mp3,,
111.mp3,beithíoch.mp3,,
112.mp3,maireachtáil.mp3,,
113.mp3,cumasach.mp3,,
114.mp3,dealramh.mp3,,
115.mp3,sacar.mp3,,
116.mp3,colún.mp3,,
117.mp3,troigh.mp3,,
118.mp3,coicís.mp3,,
119.mp3,bréan.mp3,,
120.mp3,cailleach.mp3,,
121.mp3,salach.mp3,,
122.mp3,aistear.mp3,,
123.mp3,teith.mp3,,
124.mp3,eagar.mp3,,
125.mp3,atmaisféar.mp3,,
126.mp3,príosúnach.mp3,,
127.mp3,ríoga.mp3,,
128.mp3,gnólacht.mp3,,
129.mp3,ceapachán.mp3,,
130.mp3,náisiúnach.mp3,,
131.mp3,teocht.mp3,,
132.mp3,mianach.mp3,,
133.mp3,eolaí.mp3,,
134.mp3,cráigh.mp3,,