0.mp3,idirdhealú.mp3,  
1.mp3,torann.mp3,
2.mp3,seach.mp3,
3.mp3,márach.mp3,
4.mp3,neach.mp3,
5.mp3,scanraigh.mp3,
6.mp3,infheidhme.mp3,
7.mp3,baintreach.mp3,
8.mp3,lasair.mp3,
9.mp3,banaltra.mp3,
10.mp3,speiceas.mp3,
11.mp3,aistriú.mp3,
12.mp3,rochtain.mp3,
13.mp3,deifir.mp3,
14.mp3,faill.mp3,
15.mp3,dlínse.mp3,
16.mp3,scáthán.mp3,
17.mp3,moille.mp3,
18.mp3,glaoch.mp3,
19.mp3,milis.mp3,
20.mp3,neamhspleáchas.mp3,
21.mp3,maistín.mp3,
22.mp3,tarbh.mp3,
23.mp3,gramadach.mp3,
24.mp3,dlíthiúil.mp3,
25.mp3,giolla.mp3,
26.mp3,múnla.mp3,
27.mp3,muileann.mp3,
28.mp3,ailtireacht.mp3,
29.mp3,uachtarach.mp3,
30.mp3,ainmneach.mp3,
31.mp3,méara.mp3,
32.mp3,coiteann.mp3,
33.mp3,créatúr.mp3,
34.mp3,leithreas.mp3,
35.mp3,fíochmhar.mp3,
36.mp3,brabús.mp3,
37.mp3,fíric.mp3,
38.mp3,buama.mp3,
39.mp3,sliogán.mp3,
40.mp3,baist.mp3,
41.mp3,crios.mp3,
42.mp3,dífhostaíocht.mp3,
43.mp3,leaid.mp3,
44.mp3,líníocht.mp3,
45.mp3,críonna.mp3,
46.mp3,laistiar.mp3,
47.mp3,aoibhneas.mp3,
48.mp3,fiúntach.mp3,
49.mp3,tíreolaíocht.mp3,
50.mp3,lúthchleasaí.mp3,
51.mp3,meath.mp3,
52.mp3,siombail.mp3,
53.mp3,truailligh.mp3,
54.mp3,státseirbhís.mp3,
55.mp3,salann.mp3,
56.mp3,imeartha.mp3,
57.mp3,cuimhneachán.mp3,
58.mp3,misean.mp3,
59.mp3,mallaibh.mp3,
60.mp3,cosantóir.mp3,
61.mp3,seannós.mp3,
62.mp3,ramhar.mp3,
63.mp3,caladh.mp3,
64.mp3,cóirigh.mp3,
65.mp3,comrádaí.mp3,
66.mp3,impireacht.mp3,
67.mp3,cairdiúil.mp3,
68.mp3,taitneamhach.mp3,
69.mp3,freasúra.mp3,
70.mp3,ceannaí.mp3,
71.mp3,substaint.mp3,
72.mp3,filleadh.mp3,
73.mp3,cruthú.mp3,
74.mp3,gadhar.mp3,
75.mp3,geilleagar.mp3,
76.mp3,múinteoireacht.mp3,
77.mp3,náisiúnaí.mp3,
78.mp3,coirnéal.mp3,
79.mp3,fógraíocht.mp3,
80.mp3,staraí.mp3,
81.mp3,Tríonóid.mp3,
82.mp3,ridire.mp3,
83.mp3,muirear.mp3,
84.mp3,éascaigh.mp3,
85.mp3,céasadh.mp3,
86.mp3,aosta.mp3,
87.mp3,bainteach.mp3,
88.mp3,mionlach.mp3,
89.mp3,caipiteal.mp3,
90.mp3,sceach.mp3,
91.mp3,friotal.mp3,
92.mp3,brónach.mp3,
93.mp3,siúcra.mp3,
94.mp3,eangach.mp3,
95.mp3,teannas.mp3,
96.mp3,soiscéal.mp3,
97.mp3,sionnach.mp3,
98.mp3,macalla.mp3,
99.mp3,éagóir.mp3,
100.mp3,prionsa.mp3,
101.mp3,seilg.mp3,
102.mp3,goill.mp3,
103.mp3,beacht.mp3,
104.mp3,mallacht.mp3,
105.mp3,ceolchoirm.mp3,
106.mp3,cliste.mp3,
107.mp3,séimh.mp3,
108.mp3,suntas.mp3,
109.mp3,cuntar.mp3,
110.mp3,scolaíocht.mp3,
111.mp3,ionadaíocht.mp3,
112.mp3,tearmann.mp3,
113.mp3,coimirce.mp3,
114.mp3,creach.mp3,
115.mp3,bródúil.mp3,
116.mp3,dearna.mp3,
117.mp3,tuirling.mp3,
118.mp3,beairic.mp3,
119.mp3,scíth.mp3,
120.mp3,seanfhocal.mp3,
121.mp3,dliteanas.mp3,
122.mp3,oileánach.mp3,
123.mp3,lúcháir.mp3,
124.mp3,puinn.mp3,
125.mp3,leithead.mp3,
126.mp3,malartaigh.mp3,
127.mp3,léachtóir.mp3,
128.mp3,diúltach.mp3,
129.mp3,fanacht.mp3,
130.mp3,scáileán.mp3,
131.mp3,rialú.mp3,
132.mp3,clochar.mp3,
133.mp3,gadaí.mp3,
134.mp3,maise.mp3,